job,arrival,started,finished,user,user_1_st,user_2_st,user_3_st,user_4_st,user_5_st
1937327317960,3.2376350235551126,39.303561017749246,40.51084039601384,5,1.73743833596369,4.052468658147213,1.932416760235145,3.759809366555541,1.2072793782645943
1937327319584,39.303561017749246,39.303561017749246,40.8742259648573,4,3.4993530405721502,2.1167418045898545,2.9545782757918446,1.570664947108056,4.09845552625742
1937327318912,28.88262348414705,39.303561017749246,41.850985185557576,3,2.3231158132633674,4.573573493800223,2.5474241678083294,4.931561071069534,3.4421365802872255
1937327319248,34.00417572448887,39.303561017749246,42.252309306267506,2,2.8438330864771664,2.9487482885182636,3.578115573835062,3.330388875519817,3.8356091509791077
1937327318576,20.56139275867704,39.303561017749246,42.4273690714046,1,3.123808053655355,3.4223990216751217,4.047736081073975,3.1214099984678985,3.0127134761131673
1937327367840,41.1912328456326,47.2774050581874,49.088342783862885,1,1.810937725675485,3.2987463421606833,3.740586938355766,2.951519287610889,2.9674928725084895
1937327369520,46.829230073818394,47.2774050581874,49.863420674711044,4,3.297152319455626,2.3635084030637903,3.4227339897765403,2.586015616523647,3.407082207670096
1937327318184,10.882386541634938,47.2774050581874,49.951841956750236,5,3.766598719209059,3.898567633576889,3.401861688174,4.425448290135827,2.674436898562841
1937327366272,46.71629002114113,47.2774050581874,50.00122323536643,2,2.975144206259886,2.723818177179033,2.884321519468088,3.0126586770276655,1.7472111621148043
1937327367112,46.30661586705769,47.2774050581874,50.51208832489259,3,4.202634393749834,4.007052259371105,3.2346832667051864,4.043794630636743,2.441013826121617
1937327370080,47.2774050581874,89.87139149167632,91.51888173978756,2,2.292847786062403,1.647490248111238,3.9008206188275265,2.0231066765332812,3.5591894123064516
1937327379288,89.87139149167632,89.87139149167632,92.60423797965154,3,2.8723039620295476,4.8528678041442195,2.7328464879752166,3.254291526680275,3.4878957546693217
1937233129144,57.873285239269364,89.87139149167632,93.17083309383214,4,2.862928017425,3.023476194847008,3.852658824778107,3.2994416021558184,3.651150537455807
1937327369352,63.834219659996805,89.87139149167632,93.27652451430406,1,3.4051330226277368,3.480010985861127,3.850517238809605,4.161791926216723,5.278212499619841
1937327378952,75.72329183985036,89.87139149167632,94.5642406024253,5,3.5887055227152986,7.131190511797079,4.721851434659624,6.011565771100671,4.692849110748977
1937327380408,125.09376273956353,125.09376273956353,126.59002562724821,3,2.4165037195017116,1.3717116236218623,1.4962628876846753,1.1502441021151597,2.2775978347749053
1937327378504,72.70936437818855,125.09376273956353,127.0566468201058,2,2.551402749743401,1.96288408054226,2.2688954693833168,2.641720261256207,3.079788887472714
1937327380072,108.52560264126272,125.09376273956353,127.16603359687853,5,2.727301623718473,3.254647463804748,2.0876284162572905,3.41619729839124,2.072270857315007
1937327318240,122.57617552743056,125.09376273956353,127.36462709725369,1,2.2708643576901535,3.106145988606737,2.372899513514881,1.915354039263872,2.9174371315319174
1937327379624,95.0458615102848,125.09376273956353,129.39591797098342,4,5.515218075736108,5.084545684763413,4.936068236960282,4.302155231419889,5.269346756405661
1937327378952,105.63700403663528,147.80788683948063,148.45669156260627,4,0.7841688002843429,2.027532316158749,1.6552066705877775,0.648804723125639,1.12531809031577
1937329275064,126.62342559613009,147.80788683948063,148.95390334419034,2,2.39947800339619,1.1460165047097188,1.8585548275665456,1.2994047139443963,2.2374543530582782
1937329277584,143.0690025432892,147.80788683948063,149.3997507896449,3,2.127872514353953,2.4619351375873446,1.5918639501642728,2.398574472127822,2.7195163931283317
1937327379624,134.24471563055664,147.80788683948063,150.03639977677213,5,2.940049723003532,3.168662966338314,1.7832922230891861,2.5479704629965765,2.228512937291497
1937329276128,129.84899730995556,147.80788683948063,151.05746794329042,1,3.2495811038097884,3.753001155529829,3.735190538980183,4.211888731104867,4.853580960486415
1937329278088,147.80788683948063,166.57837126846664,168.5754660499966,4,3.0176596123075354,3.724781832828691,2.3985879054245776,1.9970947815299753,3.030251695267044
1937329278928,151.4752009030093,166.57837126846664,168.63105854383858,1,2.0526872753719383,3.0627708532307136,2.8134271678992055,3.275538942688625,1.9785122421923946
1937329256376,166.57837126846664,166.57837126846664,169.1604007330947,2,2.845783166161146,2.5820294646280373,3.768117334638158,1.733687724210535,3.267499679582978
1937329256040,152.47488972725856,166.57837126846664,169.3796905687444,3,2.4386831404162264,2.826888953411676,2.8013193002777435,3.4449989500451057,3.2939250672456333
1937329278424,151.30723558808901,166.57837126846664,170.36826342431914,5,4.068862335555541,6.666657565438307,4.499296006470665,4.355206217497984,3.789892155852502
1937329255536,151.98511107981201,177.94550716683688,178.6948127625394,4,2.0644717143912947,3.445378119439723,1.708828289642001,0.7493055957025515,0.9069080054379589
1937329256712,167.72119653307115,177.94550716683688,180.07172863367245,2,3.479477367866787,2.126221466835576,3.6654516710334573,3.1183709076998616,5.11717152520649
1937327382424,171.18819897547894,177.94550716683688,181.0728538377608,5,3.693887066284941,4.293007860348322,2.899894813170695,4.514409348275862,3.127346670923916
1937329301320,177.94550716683688,177.94550716683688,181.3296965696717,3,3.8195783931004637,3.1566381650027338,3.384189402834839,3.217294410633446,4.910758301013421
1937329257664,171.13184367435147,214.74211101131561,215.5047512976542,2,2.266657214606301,0.7626402863385847,1.3574765538038756,1.5858645610594992,1.5431904944914574
1937329301656,199.57000055134688,214.74211101131561,215.78224814322346,3,3.2507899604804225,2.5370618488372676,1.0401371319078438,2.0193442208770653,1.7682927189072206
1937329303224,214.74211101131561,214.74211101131561,216.3406550492156,1,1.5985440378999973,2.789245580122112,2.7504058414760437,1.7367047032299845,1.7799686249023754
1937329300816,176.79331073777098,214.74211101131561,216.52859562632148,4,4.204861313017412,2.8482477574902645,3.228449679109692,1.7864846150058513,2.5666293363893202
1937329301320,199.63569125104604,214.74211101131561,218.66125532625404,5,4.1370847942134175,3.690646436294975,5.69752020237989,4.066587509135924,3.9191443149384297
1937329301320,225.3396639752004,232.99142692260395,234.7018397236074,1,1.7104128010034696,2.047577171163884,3.110143123255816,2.9915313210749175,1.7376859304452907
1937329328424,226.14915592839006,232.99142692260395,235.2719988162843,5,3.088634663844157,3.4415549863475756,4.110201183008529,4.173414238114637,2.2805718936803645
1937329302888,208.45766025099724,232.99142692260395,235.71437567671393,2,5.103255056091435,2.722948754109972,4.6842169279742425,2.9269638330724925,4.368207447965411
1937329330944,232.99142692260395,232.99142692260395,236.8190055959181,3,4.539696752741167,4.94255342886127,3.827578673314149,4.5272251819228995,5.295981954215614
1937327379120,224.63425313216078,232.99142692260395,237.37798106391338,4,4.244041855088186,4.113262203847743,5.284417516048842,4.386554141309443,3.6656108732771466
